{
  "meta": {
    "subject": "subject_1",
    "trial": "set_002",
    "c3d_path": "/Users/choejaehyeog/3dgs_to_gart_textbook/data/markerbased/subject_1/set_002/set_002.c3d",
    "fps": 240.0,
    "static_frame": 72,
    "static_window": [
      62,
      83
    ],
    "units": "m",
    "coordinate": "Vicon world (Y-up)",
    "n_markers": 41
  },
  "markers": {
    "LFHD": [
      0.13908820960635232,
      2.7442965843563987,
      1.9887023228236609
    ],
    "RFHD": [
      0.014806501524788993,
      2.6688577822730655,
      2.0005814034598215
    ],
    "LBHD": [
      0.05951978955950056,
      2.863321114676339,
      1.9593668271019347
    ],
    "RBHD": [
      -0.05195269248599098,
      2.7876961728050595,
      1.9749238978794643
    ],
    "C7": [
      -0.07808477710542225,
      2.7889120861235117,
      1.7746700206938244
    ],
    "T10": [
      -0.15414921279180618,
      2.7863481096540177,
      1.6169813813709077
    ],
    "CLAV": [
      0.07552717118036179,
      2.750962937127976,
      1.6687508544921874
    ],
    "STRN": [
      0.10281063697451637,
      2.742159935360863,
      1.571376499720982
    ],
    "RBAK": [
      -0.14793067568824403,
      2.6518151506696426,
      1.7133660365513392
    ],
    "LSHO": [
      0.034314208257765995,
      2.9451442522321427,
      1.7205849318731399
    ],
    "LUPA": [
      -0.028789962405250186,
      3.0770747186569944,
      1.504077875046503
    ],
    "LELB": [
      -0.0020397879850296745,
      3.075836623418899,
      1.4359210437593006
    ],
    "LFRM": [
      0.09352942911783854,
      2.9615603724888393,
      1.440119361514137
    ],
    "LWRA": [
      0.1278751990908668,
      2.8783610723586306,
      1.4641624697730653
    ],
    "LWRB": [
      0.1619355207170759,
      2.908947219122024,
      1.4236435314360119
    ],
    "LFIN": [
      0.20944463530040924,
      2.859445289248512,
      1.4544807884579614
    ],
    "RSHO": [
      -0.0032204141787120274,
      2.6142053920200894,
      1.7551087472098212
    ],
    "RUPA": [
      -0.044484932854062034,
      2.4915982724144348,
      1.6438916306268603
    ],
    "RELB": [
      -0.04220642689296177,
      2.4533764067150297,
      1.4683148774646577
    ],
    "RFRM": [
      0.05139141536894299,
      2.4935440499441968,
      1.4522285563151043
    ],
    "RWRA": [
      0.1690397273472377,
      2.590246361142113,
      1.4666116245814733
    ],
    "RWRB": [
      0.1681717289515904,
      2.5847534063430055,
      1.3988019496372768
    ],
    "RFIN": [
      0.22588796851748513,
      2.6208850446428573,
      1.405327125186012
    ],
    "LASI": [
      0.06693922896612259,
      2.8942768205915175,
      1.2835585356212798
    ],
    "RASI": [
      0.013931255249750047,
      2.584061302548363,
      1.3095259079706103
    ],
    "LPSI": [
      -0.1384268355596633,
      2.803057861328125,
      1.3071818324497768
    ],
    "RPSI": [
      -0.15357958621070497,
      2.7232912481398808,
      1.3088738664899553
    ],
    "LTHI": [
      0.07305089678083147,
      2.9487704031808035,
      0.9219355672200521
    ],
    "LKNE": [
      0.10654868643624442,
      2.9318374953497024,
      0.7772263590494791
    ],
    "LTIB": [
      0.09496986134847005,
      2.9427549874441965,
      0.5117233988444011
    ],
    "LANK": [
      0.12112182217552549,
      2.9255901808965774,
      0.3384464038667224
    ],
    "LHEE": [
      0.057994844164167135,
      2.866950671968006,
      0.30663166591099333
    ],
    "LTOE": [
      0.3157442888532366,
      2.88115874953497,
      0.3006917259579613
    ],
    "RTHI": [
      -0.08999970063709077,
      2.5700351097470238,
      1.080431931268601
    ],
    "RKNE": [
      -0.1307430463518415,
      2.615901727585565,
      0.7579808349609375
    ],
    "RTIB": [
      -0.1640895538330078,
      2.608272763206845,
      0.6399982532319568
    ],
    "RANK": [
      -0.2416653522309803,
      2.6667403622581847,
      0.3283132978166853
    ],
    "RHEE": [
      -0.30154527791341146,
      2.7259608793712795,
      0.3002344273158482
    ],
    "RTOE": [
      -0.049911525181361605,
      2.684837379092262,
      0.28308332170758926
    ],
    "RGT": [
      -0.07649003891717819,
      2.5654200032552086,
      1.3067266555059522
    ],
    "LGT": [
      -0.018999754951113747,
      2.9361390206473215,
      1.3011927025204613
    ]
  }
}