{
  "meta": {
    "subject": "subject_1",
    "trial": "set_004",
    "c3d_path": "/Users/choejaehyeog/3dgs_to_gart_textbook/data/markerbased/subject_1/set_004/set_004.c3d",
    "fps": 240.0,
    "static_frame": 35,
    "static_window": [
      25,
      46
    ],
    "units": "m",
    "coordinate": "Vicon world (Y-up)",
    "n_markers": 41
  },
  "markers": {
    "LFHD": [
      0.21580022466750373,
      2.7721376488095237,
      1.9817625151134672
    ],
    "RFHD": [
      0.08672955649239676,
      2.700097726004464,
      1.9861095958891368
    ],
    "LBHD": [
      0.1393521263485863,
      2.8938623628162206,
      1.9413527367001489
    ],
    "RBHD": [
      0.024668992542085193,
      2.82043078031994,
      1.9538628976004464
    ],
    "C7": [
      0.002044174462556839,
      2.8271050153459822,
      1.7743950369698662
    ],
    "T10": [
      -0.07901404898507255,
      2.8283390299479163,
      1.6183198649088542
    ],
    "CLAV": [
      0.15039302644275482,
      2.7824369303385414,
      1.6616825997488838
    ],
    "STRN": [
      0.1735227770124163,
      2.772865769159226,
      1.564889404296875
    ],
    "RBAK": [
      -0.07537325868152436,
      2.6946920572916664,
      1.7132433035714287
    ],
    "LSHO": [
      0.11989426821754093,
      2.977834647042411,
      1.7164208984375
    ],
    "LUPA": [
      0.046430073874337334,
      3.119984398251488,
      1.5097005847749256
    ],
    "LELB": [
      0.06624071539015998,
      3.1195862397693452,
      1.4360520310174851
    ],
    "LFRM": [
      0.1549224831717355,
      2.9988965541294643,
      1.4086476236979169
    ],
    "LWRA": [
      0.18735644749232702,
      2.9133056291852677,
      1.4183102678571429
    ],
    "LWRB": [
      0.2134094507126581,
      2.942577869233631,
      1.3713892764136904
    ],
    "LFIN": [
      0.26246430751255584,
      2.8880723470052083,
      1.388008812313988
    ],
    "RSHO": [
      0.0693445790608724,
      2.6468372977120533,
      1.7485304885137647
    ],
    "RUPA": [
      0.012410517420087542,
      2.5273599679129464,
      1.6404190499441964
    ],
    "RELB": [
      0.0003897338365869863,
      2.4895673711867556,
      1.4619268159412202
    ],
    "RFRM": [
      0.09131177484421503,
      2.529496000744048,
      1.4253145984468005
    ],
    "RWRA": [
      0.20927672104608444,
      2.6247696940104164,
      1.412596423921131
    ],
    "RWRB": [
      0.19794090416317894,
      2.6164125511532736,
      1.3458223760695684
    ],
    "RFIN": [
      0.2582633812313988,
      2.6497143903459826,
      1.3436149030412947
    ],
    "LASI": [
      0.1310004399617513,
      2.926770554315476,
      1.2734584437779017
    ],
    "RASI": [
      0.06556049183436802,
      2.6160692778087795,
      1.3009285132998512
    ],
    "LPSI": [
      -0.07707540166945685,
      2.8449718424479165,
      1.3060270066034227
    ],
    "RPSI": [
      -0.09393466041201637,
      2.766807663690476,
      1.3090077718098958
    ],
    "LTHI": [
      0.13392021106538318,
      2.9873880789620535,
      0.9164326898484003
    ],
    "LKNE": [
      0.1706374795096261,
      2.9680286807105656,
      0.7732099929082962
    ],
    "LTIB": [
      0.1472026149204799,
      2.9774708891369044,
      0.5103512631370908
    ],
    "LANK": [
      0.1658733876546224,
      2.9582611723400296,
      0.3370842459542411
    ],
    "LHEE": [
      0.1002504610334124,
      2.901398216610863,
      0.3080609639485677
    ],
    "LTOE": [
      0.35708179437546506,
      2.9073059547061013,
      0.29058615112304687
    ],
    "RTHI": [
      -0.04261943653651646,
      2.6075306454613094,
      1.0745993884858631
    ],
    "RKNE": [
      -0.08447013055710564,
      2.6540005812872023,
      0.7590214582170759
    ],
    "RTIB": [
      -0.11976391020275298,
      2.6476496233258926,
      0.6422676100957961
    ],
    "RANK": [
      -0.20056640116373697,
      2.7071506696428576,
      0.3332109723772322
    ],
    "RHEE": [
      -0.25796334112258185,
      2.7685074869791664,
      0.30386388724190844
    ],
    "RTOE": [
      -0.00841720217750186,
      2.7151388346354164,
      0.28484776669456846
    ],
    "RGT": [
      -0.025917982010614304,
      2.6045651390438986,
      1.3032789597284227
    ],
    "LGT": [
      0.047429767063685825,
      2.9725522925967263,
      1.2972313116164436
    ]
  }
}