{
  "meta": {
    "subject": "subject_1",
    "trial": "set_018",
    "c3d_path": "/Users/choejaehyeog/3dgs_to_gart_textbook/data/markerbased/subject_1/set_018/set_018.c3d",
    "fps": 240.0,
    "static_frame": 62,
    "static_window": [
      52,
      73
    ],
    "units": "m",
    "coordinate": "Vicon world (Y-up)",
    "n_markers": 41
  },
  "markers": {
    "LFHD": [
      0.17968870689755395,
      2.76106396484375,
      1.981744419642857
    ],
    "RFHD": [
      0.05699559820265997,
      2.6863128487723213,
      1.9998124534970239
    ],
    "LBHD": [
      0.10011905088878814,
      2.876611153738839,
      1.9490724632626488
    ],
    "RBHD": [
      -0.011173467545282274,
      2.8032628464471725,
      1.9697169712611609
    ],
    "C7": [
      -0.04885399609520322,
      2.798597609747024,
      1.7719863571893602
    ],
    "T10": [
      -0.12533485703241257,
      2.7968772205171133,
      1.613091058640253
    ],
    "CLAV": [
      0.10522345479329427,
      2.764520461309524,
      1.6645032203311012
    ],
    "STRN": [
      0.13218170674641927,
      2.7575154157366075,
      1.567584728422619
    ],
    "RBAK": [
      -0.11199374280657086,
      2.6549420456659227,
      1.7065898030598958
    ],
    "LSHO": [
      0.05947797557285854,
      2.9539220028831847,
      1.7170472353980655
    ],
    "LUPA": [
      0.02983122934613909,
      3.083170386904762,
      1.4949154517764136
    ],
    "LELB": [
      0.06490867251441593,
      3.0749698311941964,
      1.4317115652901786
    ],
    "LFRM": [
      0.14394458516438802,
      2.952126499720982,
      1.4535828566778273
    ],
    "LWRA": [
      0.16476790873209635,
      2.8651070963541665,
      1.4835464797247022
    ],
    "LWRB": [
      0.20677266148158482,
      2.8936247674851194,
      1.4499727376302083
    ],
    "LFIN": [
      0.2451557137625558,
      2.847353829520089,
      1.4911288771856397
    ],
    "RSHO": [
      0.033559993562244234,
      2.625053490048363,
      1.7490608317057292
    ],
    "RUPA": [
      0.01844037610008603,
      2.5082332705543156,
      1.6311753685360864
    ],
    "RELB": [
      0.04092826443626767,
      2.4758474818638394,
      1.4606127348400297
    ],
    "RFRM": [
      0.1242761971609933,
      2.5348750232514883,
      1.4591118570963542
    ],
    "RWRA": [
      0.21210997445242746,
      2.653270461309524,
      1.495747035435268
    ],
    "RWRB": [
      0.2290656563895089,
      2.646372081938244,
      1.4310315580822173
    ],
    "RFIN": [
      0.2810055382138207,
      2.6828333100818456,
      1.4511306908017114
    ],
    "LASI": [
      0.08804068029494513,
      2.911974097842262,
      1.2771900518508184
    ],
    "RASI": [
      0.03766608683268229,
      2.600012846447173,
      1.3038582589285714
    ],
    "LPSI": [
      -0.11619436391194661,
      2.819945324125744,
      1.295919468470982
    ],
    "RPSI": [
      -0.13140113249279203,
      2.741027587890625,
      1.2987973923456102
    ],
    "LTHI": [
      0.10441244325183686,
      2.967412772042411,
      0.9155922212146577
    ],
    "LKNE": [
      0.14625213623046876,
      2.9498710588727675,
      0.7744394211542038
    ],
    "LTIB": [
      0.12565912046886626,
      2.9608919038318455,
      0.5097101106189547
    ],
    "LANK": [
      0.14348257518949964,
      2.941353469122024,
      0.3368706316266741
    ],
    "LHEE": [
      0.07784050569080171,
      2.885669700985863,
      0.3033092942010788
    ],
    "LTOE": [
      0.3360403064546131,
      2.891069091796875,
      0.3022165018717448
    ],
    "RTHI": [
      -0.0699565680367606,
      2.583763718377976,
      1.0824730747767857
    ],
    "RKNE": [
      -0.10088288043794177,
      2.618037958054315,
      0.7530254894438244
    ],
    "RTIB": [
      -0.14140603783017114,
      2.6119152483258925,
      0.6354788208007812
    ],
    "RANK": [
      -0.24334619503929503,
      2.6791293131510416,
      0.3346197320847284
    ],
    "RHEE": [
      -0.30495736403692336,
      2.7422057407924108,
      0.30823756336030506
    ],
    "RTOE": [
      -0.056793521154494514,
      2.690281691778274,
      0.2817638825916109
    ],
    "RGT": [
      -0.05403022548130581,
      2.582872605096726,
      1.3029234793526787
    ],
    "LGT": [
      0.00048028976665366265,
      2.9536389973958337,
      1.295144269670759
    ]
  }
}