{
  "meta": {
    "subject": "subject_1",
    "trial": "set_015",
    "c3d_path": "/Users/choejaehyeog/3dgs_to_gart_textbook/data/markerbased/subject_1/set_015/set_015.c3d",
    "fps": 240.0,
    "static_frame": 63,
    "static_window": [
      53,
      74
    ],
    "units": "m",
    "coordinate": "Vicon world (Y-up)",
    "n_markers": 41
  },
  "markers": {
    "LFHD": [
      0.1961155773344494,
      2.7649452311197917,
      1.9904022972470239
    ],
    "RFHD": [
      0.07132729920886811,
      2.690431082589286,
      2.005904831659226
    ],
    "LBHD": [
      0.1185767339070638,
      2.8759859793526785,
      1.9385473051525297
    ],
    "RBHD": [
      0.0044528282142820815,
      2.8053289620535717,
      1.9570005057198663
    ],
    "C7": [
      -0.032595272518339616,
      2.8040894949776782,
      1.7775450555710566
    ],
    "T10": [
      -0.1032942363194057,
      2.7947887834821428,
      1.6117193603515625
    ],
    "CLAV": [
      0.1260809333437965,
      2.7822648577008926,
      1.6738223702566963
    ],
    "STRN": [
      0.15571356419154578,
      2.776936279296875,
      1.5774322277250745
    ],
    "RBAK": [
      -0.08480950491768974,
      2.658609886532738,
      1.7111446416945684
    ],
    "LSHO": [
      0.06332986849830265,
      2.9642371303013393,
      1.7278147902715772
    ],
    "LUPA": [
      0.04263558905465262,
      3.0936603422619045,
      1.507283970424107
    ],
    "LELB": [
      0.08541863250732422,
      3.092367966424851,
      1.4496884416852678
    ],
    "LFRM": [
      0.17064962550571985,
      2.9793362978980653,
      1.4877385835193453
    ],
    "LWRA": [
      0.19571832202729722,
      2.8970159272693454,
      1.5229140450613838
    ],
    "LWRB": [
      0.24088015819731215,
      2.9288755464099703,
      1.497860793340774
    ],
    "LFIN": [
      0.27246595546177454,
      2.8837155412946425,
      1.5478766334170386
    ],
    "RSHO": [
      0.06257561965215774,
      2.6418713262648805,
      1.7570833914620536
    ],
    "RUPA": [
      0.06550856871831985,
      2.5203966471354167,
      1.645264392671131
    ],
    "RELB": [
      0.11089106786818732,
      2.493220261346726,
      1.4752419724237351
    ],
    "RFRM": [
      0.18620076570056734,
      2.559473005022322,
      1.492671851748512
    ],
    "RWRA": [
      0.252208754766555,
      2.6830182872953867,
      1.551578619094122
    ],
    "RWRB": [
      0.28486526489257813,
      2.6788148832775294,
      1.492240048363095
    ],
    "RFIN": [
      0.3254758765811012,
      2.72270361328125,
      1.52531298828125
    ],
    "LASI": [
      0.11333445703415643,
      2.921272472563244,
      1.2813785458519347
    ],
    "RASI": [
      0.08937464795793805,
      2.608308884393601,
      1.308928501674107
    ],
    "LPSI": [
      -0.08300813075474331,
      2.8110775088355653,
      1.3045195428757441
    ],
    "RPSI": [
      -0.09121662139892578,
      2.730493477957589,
      1.3063080357142858
    ],
    "LTHI": [
      0.11384980628603981,
      2.971495872860863,
      0.9202688860212054
    ],
    "LKNE": [
      0.14770601617722284,
      2.9547144135974706,
      0.7758311157226563
    ],
    "LTIB": [
      0.14732640366327196,
      2.9746162458147323,
      0.5109405968075706
    ],
    "LANK": [
      0.18212129429408483,
      2.963191208612351,
      0.3390386948358445
    ],
    "LHEE": [
      0.11720299457368397,
      2.907340727306548,
      0.3040474417550223
    ],
    "LTOE": [
      0.3750773489815848,
      2.9135942499069944,
      0.3016370515369234
    ],
    "RTHI": [
      -0.020204555511474608,
      2.5866963704427084,
      1.0870465843563988
    ],
    "RKNE": [
      -0.07295118241083054,
      2.633253243582589,
      0.7603801182338169
    ],
    "RTIB": [
      -0.10615970538911365,
      2.6250181245349706,
      0.6429636056082589
    ],
    "RANK": [
      -0.17534046354747954,
      2.677280075799851,
      0.3273732372465588
    ],
    "RHEE": [
      -0.23455028497605096,
      2.7338704892113097,
      0.2995229230608259
    ],
    "RTOE": [
      0.017684887295677548,
      2.6977658342633926,
      0.28513113257998507
    ],
    "RGT": [
      0.002400856429622287,
      2.5797829008556548,
      1.3075000639415923
    ],
    "LGT": [
      0.02275220435006278,
      2.9556522391183035,
      1.2983599969773065
    ]
  }
}