{
  "meta": {
    "subject": "subject_1",
    "trial": "set_017",
    "c3d_path": "/Users/choejaehyeog/3dgs_to_gart_textbook/data/markerbased/subject_1/set_017/set_017.c3d",
    "fps": 240.0,
    "static_frame": 69,
    "static_window": [
      59,
      80
    ],
    "units": "m",
    "coordinate": "Vicon world (Y-up)",
    "n_markers": 41
  },
  "markers": {
    "LFHD": [
      0.2232406964983259,
      2.7437251441592263,
      1.9968658272879463
    ],
    "RFHD": [
      0.10136041041782924,
      2.66316796875,
      2.007411871047247
    ],
    "LBHD": [
      0.14001797194707963,
      2.8539260602678573,
      1.9499560139973957
    ],
    "RBHD": [
      0.0303082522437686,
      2.7758826846168154,
      1.9633824753534228
    ],
    "C7": [
      -0.0005114280275911802,
      2.7771055268787204,
      1.786950939360119
    ],
    "T10": [
      -0.0775712142217727,
      2.7726277436755953,
      1.622350818452381
    ],
    "CLAV": [
      0.15505477033342635,
      2.7557672526041666,
      1.6779488467261903
    ],
    "STRN": [
      0.18182295009068078,
      2.752333507719494,
      1.5810849667503721
    ],
    "RBAK": [
      -0.0553640391031901,
      2.629941615513393,
      1.7148523239862352
    ],
    "LSHO": [
      0.09202603222074962,
      2.941938918340774,
      1.7351415143694195
    ],
    "LUPA": [
      0.05129159291585287,
      3.0756771530877978,
      1.5177330671037945
    ],
    "LELB": [
      0.08717444319952103,
      3.0808139067150297,
      1.458516380673363
    ],
    "LFRM": [
      0.18596302722749256,
      2.9792049153645834,
      1.4899725458054316
    ],
    "LWRA": [
      0.22142038545154388,
      2.900494315011161,
      1.525725376674107
    ],
    "LWRB": [
      0.26070142909458704,
      2.9351967075892857,
      1.4950612851097471
    ],
    "LFIN": [
      0.3020119890485491,
      2.8942446870349703,
      1.541319301060268
    ],
    "RSHO": [
      0.09448917098272415,
      2.6088069893973214,
      1.7555965401785714
    ],
    "RUPA": [
      0.07935219537644159,
      2.4926340448288693,
      1.6370835309709821
    ],
    "RELB": [
      0.10145500982375373,
      2.463495384579613,
      1.4672113734654018
    ],
    "RFRM": [
      0.18778606451125374,
      2.514280494326637,
      1.4785242047991072
    ],
    "RWRA": [
      0.2812027893066406,
      2.6214486258370533,
      1.5330535016741071
    ],
    "RWRB": [
      0.30312796311151413,
      2.6167318405877977,
      1.4688666352771578
    ],
    "RFIN": [
      0.35346423921130954,
      2.6565912155877975,
      1.4959115804036458
    ],
    "LASI": [
      0.13149288504464285,
      2.9068969261532738,
      1.298047374906994
    ],
    "RASI": [
      0.10129169645763579,
      2.5925526297433032,
      1.311124488467262
    ],
    "LPSI": [
      -0.06735462116059802,
      2.8012403622581847,
      1.3139918619791668
    ],
    "RPSI": [
      -0.07799765886579242,
      2.7211963936941967,
      1.3142945440383185
    ],
    "LTHI": [
      0.11727110544840495,
      2.9589308151971725,
      0.9216152837844123
    ],
    "LKNE": [
      0.1491227300734747,
      2.939208100818452,
      0.777154291062128
    ],
    "LTIB": [
      0.1510448216029576,
      2.9569808989025295,
      0.5126481119791666
    ],
    "LANK": [
      0.1866204114641462,
      2.9455687546502975,
      0.3417945731026786
    ],
    "LHEE": [
      0.12347774941580636,
      2.8875653948102675,
      0.30832374209449404
    ],
    "LTOE": [
      0.3809347766694568,
      2.9037497442336306,
      0.2992552984328497
    ],
    "RTHI": [
      -0.017600851967221214,
      2.5752352236793152,
      1.0926273193359375
    ],
    "RKNE": [
      -0.08286740984235491,
      2.622073230561756,
      0.7694440016973586
    ],
    "RTIB": [
      -0.1212253901163737,
      2.6148495512462797,
      0.6540466337658111
    ],
    "RANK": [
      -0.19545202564057848,
      2.6662545456659226,
      0.3378088582356771
    ],
    "RHEE": [
      -0.256770249866304,
      2.723005836123512,
      0.3135597606840588
    ],
    "RTOE": [
      -0.007911188579740979,
      2.6901242327008927,
      0.27999292428152905
    ],
    "RGT": [
      0.01173674506232852,
      2.5674725051153273,
      1.3105448114304314
    ],
    "LGT": [
      0.041868321191696894,
      2.942155808221726,
      1.3183148193359375
    ]
  }
}