{
  "meta": {
    "subject": "subject_1",
    "trial": "set_005",
    "c3d_path": "/Users/choejaehyeog/3dgs_to_gart_textbook/data/markerbased/subject_1/set_005/set_005.c3d",
    "fps": 240.0,
    "static_frame": 185,
    "static_window": [
      175,
      196
    ],
    "units": "m",
    "coordinate": "Vicon world (Y-up)",
    "n_markers": 41
  },
  "markers": {
    "LFHD": [
      0.2683123256138393,
      2.844103910900298,
      1.9838717273530506
    ],
    "RFHD": [
      0.21275264340355285,
      2.709661365327381,
      1.994792463030134
    ],
    "LBHD": [
      0.13303066871279762,
      2.893919445219494,
      1.9688104073660713
    ],
    "RBHD": [
      0.08781644512358165,
      2.7672770647321427,
      1.9818002115885418
    ],
    "C7": [
      0.05502054232642765,
      2.757883475167411,
      1.7964846772693452
    ],
    "T10": [
      0.006407170800935655,
      2.6959230259486606,
      1.6226832159133184
    ],
    "CLAV": [
      0.18786705380394347,
      2.8429074125744047,
      1.6908256196521576
    ],
    "STRN": [
      0.21386446707589285,
      2.8552888764880953,
      1.5927344738188245
    ],
    "RBAK": [
      0.1203754192533947,
      2.604095947265625,
      1.7280722074962798
    ],
    "LSHO": [
      0.017362215882255918,
      2.924395170665923,
      1.751881045386905
    ],
    "LUPA": [
      -0.06113210714431036,
      3.0477598702566966,
      1.5542086123511905
    ],
    "LELB": [
      -0.02813547234308152,
      3.092436349051339,
      1.5168553873697916
    ],
    "LFRM": [
      0.08333030373709542,
      3.0661381719680056,
      1.5991294352213543
    ],
    "LWRA": [
      0.1419690442766462,
      3.015913237072173,
      1.6514384998139882
    ],
    "LWRB": [
      0.15445152864002046,
      3.075811697823661,
      1.646797340029762
    ],
    "LFIN": [
      0.18730225989932106,
      3.0528069661458335,
      1.7109608212425595
    ],
    "RSHO": [
      0.22551930309477308,
      2.7069046456473216,
      1.7873777494884673
    ],
    "RUPA": [
      0.32593835739862353,
      2.645974574497768,
      1.6905287795293897
    ],
    "RELB": [
      0.3938599344889323,
      2.6685272042410717,
      1.5332324509393602
    ],
    "RFRM": [
      0.41738966296968005,
      2.742793666294643,
      1.5873188302176338
    ],
    "RWRA": [
      0.39992520432245166,
      2.8508366001674106,
      1.6917644624255952
    ],
    "RWRB": [
      0.4372758004324777,
      2.886661307198661,
      1.6473532133556548
    ],
    "RFIN": [
      0.42252982003348216,
      2.9395280064174107,
      1.7010216122581847
    ],
    "LASI": [
      0.1255342519850958,
      2.926610177176339,
      1.2900797061011904
    ],
    "RASI": [
      0.26866891770135787,
      2.654560942150298,
      1.3486441069103423
    ],
    "LPSI": [
      0.017913909912109376,
      2.7257414202008925,
      1.2953441627139137
    ],
    "RPSI": [
      0.05082022240048363,
      2.6529630533854167,
      1.3044021868024553
    ],
    "LTHI": [
      0.10569393230619885,
      2.9272117513020834,
      0.9072943289620535
    ],
    "LKNE": [
      0.11937947990780785,
      2.918916236514137,
      0.7612528395879836
    ],
    "LTIB": [
      0.05365587561471121,
      2.9144222819010417,
      0.5026862647646949
    ],
    "LANK": [
      0.048238165355864025,
      2.895743849981399,
      0.3239822067987351
    ],
    "LHEE": [
      -0.006543945698511033,
      2.8274160853794643,
      0.29579443940662203
    ],
    "LTOE": [
      0.24623466346377418,
      2.876219505673363,
      0.2878029436383928
    ],
    "RTHI": [
      0.3214939807710193,
      2.594032807849702,
      1.1862195986793154
    ],
    "RKNE": [
      0.5742109927222843,
      2.7430330287388394,
      1.0825910237630207
    ],
    "RTIB": [
      0.5861538696289063,
      2.748876046316964,
      0.9692165382021949
    ],
    "RANK": [
      0.5309651184082032,
      2.8168745000930056,
      0.6709956984747024
    ],
    "RHEE": [
      0.45303807140531993,
      2.8358292178199402,
      0.6837019362676712
    ],
    "RTOE": [
      0.6447806745256696,
      2.9395016741071425,
      0.5499951753162202
    ],
    "RGT": [
      0.20866749572753907,
      2.579987769717262,
      1.340949974423363
    ],
    "LGT": [
      0.030605530875069755,
      2.9045995744977677,
      1.2948918922061012
    ]
  }
}