{
  "meta": {
    "subject": "subject_1",
    "trial": "set_010",
    "c3d_path": "/Users/choejaehyeog/3dgs_to_gart_textbook/data/markerbased/subject_1/set_010/set_010.c3d",
    "fps": 240.0,
    "static_frame": 38,
    "static_window": [
      28,
      49
    ],
    "units": "m",
    "coordinate": "Vicon world (Y-up)",
    "n_markers": 41
  },
  "markers": {
    "LFHD": [
      0.312702627999442,
      2.8030849725632443,
      1.9747843075706846
    ],
    "RFHD": [
      0.17858963521321616,
      2.736852759951637,
      1.98129400344122
    ],
    "LBHD": [
      0.23808282398042224,
      2.9292535691034227,
      1.9378772612072173
    ],
    "RBHD": [
      0.12114206186930339,
      2.8603618861607143,
      1.953334728422619
    ],
    "C7": [
      0.09564175342378162,
      2.8794901064918155,
      1.7841255522228423
    ],
    "T10": [
      0.010038528419676281,
      2.8900774739583337,
      1.6237392578125
    ],
    "CLAV": [
      0.23653745669410342,
      2.8257981305803574,
      1.666402866908482
    ],
    "STRN": [
      0.2560284852527437,
      2.816425978887649,
      1.5683909621465772
    ],
    "RBAK": [
      0.004912123089744931,
      2.7477752859933036,
      1.7133983444940477
    ],
    "LSHO": [
      0.21295782616024925,
      3.021283005487351,
      1.7333366001674109
    ],
    "LUPA": [
      0.20073523312523253,
      3.156516066778274,
      1.5153858642578124
    ],
    "LELB": [
      0.23306944565545945,
      3.1462772158668155,
      1.4499189046223957
    ],
    "LFRM": [
      0.29575040835425964,
      3.0113153250558033,
      1.458995861235119
    ],
    "LWRA": [
      0.30481616356259306,
      2.9215506649925596,
      1.4825145728701636
    ],
    "LWRB": [
      0.34894127691359744,
      2.9423601422991075,
      1.446223935081845
    ],
    "LFIN": [
      0.38040647815522693,
      2.8851732235863095,
      1.4808270031156994
    ],
    "RSHO": [
      0.14642010207403275,
      2.697125930059524,
      1.7500718936011903
    ],
    "RUPA": [
      0.10210852886381604,
      2.5858302873883927,
      1.6339263916015625
    ],
    "RELB": [
      0.10705585225423177,
      2.5481605398995533,
      1.4654857526506697
    ],
    "RFRM": [
      0.1999816153390067,
      2.589371000744048,
      1.4594593157087055
    ],
    "RWRA": [
      0.31083360363188245,
      2.6888706170944943,
      1.4896700265066962
    ],
    "RWRB": [
      0.3226760500953311,
      2.6794667154947915,
      1.424176246279762
    ],
    "RFIN": [
      0.38050471859886537,
      2.7124632393973216,
      1.441170404343378
    ],
    "LASI": [
      0.22298564947219124,
      2.985113083612351,
      1.2831546979631696
    ],
    "RASI": [
      0.13102894664946058,
      2.6787737513950893,
      1.298621616908482
    ],
    "LPSI": [
      0.009832624798729307,
      2.9201316382998512,
      1.305243419828869
    ],
    "RPSI": [
      -0.013689372244335356,
      2.8443469122023806,
      1.3062296956380208
    ],
    "LTHI": [
      0.23208995710100447,
      3.0368763485863095,
      0.9197285940987723
    ],
    "LKNE": [
      0.2648333711170015,
      3.0120604422433033,
      0.7753815307617188
    ],
    "LTIB": [
      0.25802855282738096,
      3.024208961123512,
      0.5112347586495536
    ],
    "LANK": [
      0.28116649373372393,
      3.001488525390625,
      0.33802560279482885
    ],
    "LHEE": [
      0.20883340962727864,
      2.956344749813988,
      0.30591306995210193
    ],
    "LTOE": [
      0.4637401035853795,
      2.9185779273623513,
      0.3013892575218564
    ],
    "RTHI": [
      0.01867292395092192,
      2.6836501116071427,
      1.0657560046968007
    ],
    "RKNE": [
      -0.022758693604242233,
      2.729129371279762,
      0.7618173799060639
    ],
    "RTIB": [
      -0.05764259229387556,
      2.7220400390625,
      0.6457873011997768
    ],
    "RANK": [
      -0.13091104707263765,
      2.776835205078125,
      0.3349750845772879
    ],
    "RHEE": [
      -0.17921783011300224,
      2.8410087541852675,
      0.3018463716052827
    ],
    "RTOE": [
      0.06211304728190104,
      2.7595906459263393,
      0.28942468407040556
    ],
    "RGT": [
      0.03822132201421829,
      2.6766516462053573,
      1.3021008010137647
    ],
    "LGT": [
      0.1433932400658017,
      3.0362936662946427,
      1.3062479306175596
    ]
  }
}