{
  "meta": {
    "subject": "subject_1",
    "trial": "set_016",
    "c3d_path": "/Users/choejaehyeog/3dgs_to_gart_textbook/data/markerbased/subject_1/set_016/set_016.c3d",
    "fps": 240.0,
    "static_frame": 80,
    "static_window": [
      70,
      91
    ],
    "units": "m",
    "coordinate": "Vicon world (Y-up)",
    "n_markers": 41
  },
  "markers": {
    "LFHD": [
      0.15275323776971725,
      2.7125161714099706,
      1.9968316824776786
    ],
    "RFHD": [
      0.026363832655407135,
      2.6463763369605653,
      2.0079128243582587
    ],
    "LBHD": [
      0.08344078354608445,
      2.8309326288132444,
      1.9610662027994792
    ],
    "RBHD": [
      -0.032939027150472006,
      2.7659549502418153,
      1.975200474330357
    ],
    "C7": [
      -0.06306586056663877,
      2.7666731073288693,
      1.7822193080357143
    ],
    "T10": [
      -0.1398550066266741,
      2.7661695382254465,
      1.6192373395647321
    ],
    "CLAV": [
      0.09198726981026786,
      2.7393285784040176,
      1.6741727178664434
    ],
    "STRN": [
      0.11917478652227492,
      2.7351708170572917,
      1.5771901274181548
    ],
    "RBAK": [
      -0.12398675173804874,
      2.626705589657738,
      1.7122742571149554
    ],
    "LSHO": [
      0.03968467185610817,
      2.9225270763578868,
      1.7343984200613838
    ],
    "LUPA": [
      0.02893817965189616,
      3.057409888857887,
      1.5152661190941221
    ],
    "LELB": [
      0.07057412610735211,
      3.051638625372024,
      1.457574701218378
    ],
    "LFRM": [
      0.14612147667294456,
      2.9314921061197916,
      1.494059070405506
    ],
    "LWRA": [
      0.16462242780412947,
      2.8447259463355654,
      1.5276368001302083
    ],
    "LWRB": [
      0.2106550496419271,
      2.8761511346726194,
      1.5039512416294643
    ],
    "LFIN": [
      0.2405603470575242,
      2.8306051199776783,
      1.552946300688244
    ],
    "RSHO": [
      0.022226625442504883,
      2.6034120744977676,
      1.7555050513857886
    ],
    "RUPA": [
      0.016996797334580194,
      2.482132393973214,
      1.6420008603050595
    ],
    "RELB": [
      0.05515584564208984,
      2.4547047409784226,
      1.4685789213634672
    ],
    "RFRM": [
      0.13414467293875557,
      2.515203462146577,
      1.4855493803478423
    ],
    "RWRA": [
      0.2082962348574684,
      2.6328021414620535,
      1.547928699311756
    ],
    "RWRB": [
      0.23775440761021205,
      2.6290670107886904,
      1.4872572602771577
    ],
    "RFIN": [
      0.2837223307291667,
      2.666269787016369,
      1.51948345656622
    ],
    "LASI": [
      0.07374737040201823,
      2.887104445684524,
      1.286887962704613
    ],
    "RASI": [
      0.03874035626366024,
      2.5760330171130956,
      1.3081769554501488
    ],
    "LPSI": [
      -0.12840748450869605,
      2.7861958589099705,
      1.3088304501488097
    ],
    "RPSI": [
      -0.13970565287272135,
      2.7062047409784227,
      1.309637939453125
    ],
    "LTHI": [
      0.06728319767543248,
      2.9390662434895836,
      0.9180372924804687
    ],
    "LKNE": [
      0.09738621121361142,
      2.9183129534040178,
      0.7732432803199405
    ],
    "LTIB": [
      0.1000147726876395,
      2.935341831752232,
      0.5086255623953683
    ],
    "LANK": [
      0.13578210521879652,
      2.922396461123512,
      0.33825975545247394
    ],
    "LHEE": [
      0.07266046869187127,
      2.861788597470238,
      0.30646727062407
    ],
    "LTOE": [
      0.3290374755859375,
      2.885204659598214,
      0.2949098583403088
    ],
    "RTHI": [
      -0.07355544063023159,
      2.5595562918526786,
      1.0874618094308037
    ],
    "RKNE": [
      -0.12036476389567058,
      2.6078081170944944,
      0.7588000982375372
    ],
    "RTIB": [
      -0.15332538859049477,
      2.6007995372953867,
      0.6411449526832217
    ],
    "RANK": [
      -0.2230581519717262,
      2.656599434988839,
      0.32731685965401786
    ],
    "RHEE": [
      -0.28175545828683035,
      2.713482189360119,
      0.29857165963309157
    ],
    "RTOE": [
      -0.03016315487452916,
      2.674886462983631,
      0.282330325172061
    ],
    "RGT": [
      -0.050774138859340116,
      2.5519667619977677,
      1.3074212123325892
    ],
    "LGT": [
      -0.014754367510477701,
      2.9253009207589282,
      1.3069543282645089
    ]
  }
}