{
  "meta": {
    "subject": "subject_1",
    "trial": "set_019",
    "c3d_path": "/Users/choejaehyeog/3dgs_to_gart_textbook/data/markerbased/subject_1/set_019/set_019.c3d",
    "fps": 240.0,
    "static_frame": 95,
    "static_window": [
      85,
      106
    ],
    "units": "m",
    "coordinate": "Vicon world (Y-up)",
    "n_markers": 41
  },
  "markers": {
    "LFHD": [
      0.16737895202636718,
      2.7172733793712798,
      2.003806884765625
    ],
    "RFHD": [
      0.03960358301798502,
      2.6537340727306544,
      2.01928087797619
    ],
    "LBHD": [
      0.09896922411237445,
      2.8297867489769346,
      1.9484278971354168
    ],
    "RBHD": [
      -0.01161002608707973,
      2.7709375116257444,
      1.9692566266741072
    ],
    "C7": [
      -0.048881173088437035,
      2.756492210751488,
      1.7841831810360864
    ],
    "T10": [
      -0.11979485248384021,
      2.7508174641927083,
      1.614184791201637
    ],
    "CLAV": [
      0.11102180989583332,
      2.739077869233631,
      1.6809603213355653
    ],
    "STRN": [
      0.1414141133626302,
      2.7365919131324405,
      1.585100091843378
    ],
    "RBAK": [
      -0.09777393849690755,
      2.607746895926339,
      1.7108788306826637
    ],
    "LSHO": [
      0.04428019060407366,
      2.9198885672433033,
      1.7349414701915924
    ],
    "LUPA": [
      0.040864065987723214,
      3.0549029017857143,
      1.5189766148158483
    ],
    "LELB": [
      0.08658120654878163,
      3.052766799200149,
      1.4668040945870537
    ],
    "LFRM": [
      0.1587428741455078,
      2.9385986444382444,
      1.5166258138020832
    ],
    "LWRA": [
      0.1748251698811849,
      2.854986572265625,
      1.5575939999534971
    ],
    "LWRB": [
      0.22219639442080544,
      2.8864077497209824,
      1.5377182210286457
    ],
    "LFIN": [
      0.2466174105689639,
      2.8455134858630955,
      1.592979265485491
    ],
    "RSHO": [
      0.049407575153169174,
      2.5955147414434525,
      1.76068264625186
    ],
    "RUPA": [
      0.06059905551728748,
      2.480498558407738,
      1.6454400402250744
    ],
    "RELB": [
      0.11100137874058315,
      2.455848016648065,
      1.479983898344494
    ],
    "RFRM": [
      0.17952273922874815,
      2.5239224679129464,
      1.5098460112072174
    ],
    "RWRA": [
      0.23117367190406435,
      2.644270682198661,
      1.5861467750186011
    ],
    "RWRB": [
      0.2701023675827753,
      2.6459697963169644,
      1.5305053769066221
    ],
    "RFIN": [
      0.3066104431152344,
      2.685848400297619,
      1.5711182919456845
    ],
    "LASI": [
      0.10299928973969959,
      2.8816655970982143,
      1.2924383719308037
    ],
    "RASI": [
      0.07646983700706846,
      2.5687926664806544,
      1.3119620651971726
    ],
    "LPSI": [
      -0.09750867026192801,
      2.773385300409226,
      1.3043932989211309
    ],
    "RPSI": [
      -0.10703755551292782,
      2.6925549200148806,
      1.304966355096726
    ],
    "LTHI": [
      0.09366979580833798,
      2.9340517578125,
      0.9212487008231027
    ],
    "LKNE": [
      0.12344025675455729,
      2.9181743629092263,
      0.7753702072870163
    ],
    "LTIB": [
      0.13380953252883185,
      2.9454410923549106,
      0.5115121707007999
    ],
    "LANK": [
      0.1766571306501116,
      2.940218575613839,
      0.3424704095749628
    ],
    "LHEE": [
      0.11331920405796596,
      2.883841668991815,
      0.30632433210100446
    ],
    "LTOE": [
      0.37031728690011156,
      2.899401239304315,
      0.30164348783947176
    ],
    "RTHI": [
      -0.03023111388796852,
      2.5484424409412205,
      1.0921003069196429
    ],
    "RKNE": [
      -0.07289526839483353,
      2.5971317313058035,
      0.7588267502557663
    ],
    "RTIB": [
      -0.1040265135992141,
      2.5901206287202383,
      0.6402806222098214
    ],
    "RANK": [
      -0.1736969015938895,
      2.6470669061569945,
      0.32674302455357146
    ],
    "RHEE": [
      -0.23710052926199776,
      2.7021107003348215,
      0.29944569324311754
    ],
    "RTOE": [
      0.016676659447806223,
      2.678212646484375,
      0.2825487089611235
    ],
    "RGT": [
      -0.01257628667922247,
      2.5420201357886905,
      1.3096439325241815
    ],
    "LGT": [
      0.0119256017321632,
      2.9173421223958336,
      1.3094240664527528
    ]
  }
}