{
  "meta": {
    "subject": "subject_1",
    "trial": "set_014",
    "c3d_path": "/Users/choejaehyeog/3dgs_to_gart_textbook/data/markerbased/subject_1/set_014/set_014.c3d",
    "fps": 240.0,
    "static_frame": 77,
    "static_window": [
      67,
      88
    ],
    "units": "m",
    "coordinate": "Vicon world (Y-up)",
    "n_markers": 41
  },
  "markers": {
    "LFHD": [
      0.19965184529622396,
      2.7393443545386904,
      1.9953543236142113
    ],
    "RFHD": [
      0.07784124356224423,
      2.661562523251488,
      2.0066477632068453
    ],
    "LBHD": [
      0.11866113608224052,
      2.852152564639137,
      1.9583355305989583
    ],
    "RBHD": [
      0.008715050720033191,
      2.7762210867745534,
      1.9723649379185266
    ],
    "C7": [
      -0.021489585694812595,
      2.7696666666666667,
      1.7780758521670386
    ],
    "T10": [
      -0.09502865418933686,
      2.7668678501674107,
      1.6177901320684522
    ],
    "CLAV": [
      0.13657701110839843,
      2.7578875906808036,
      1.672616693405878
    ],
    "STRN": [
      0.16558315967378162,
      2.758426490420387,
      1.5752957879929315
    ],
    "RBAK": [
      -0.07088324555896577,
      2.6255992373511905,
      1.7067086879185267
    ],
    "LSHO": [
      0.06937423451741535,
      2.9389148530505955,
      1.7331888078962054
    ],
    "LUPA": [
      0.03392121442159017,
      3.076016822451637,
      1.5158628452845984
    ],
    "LELB": [
      0.0720176017397926,
      3.0769541713169644,
      1.4554192708333333
    ],
    "LFRM": [
      0.16409741574242004,
      2.965434361049107,
      1.4807549816313244
    ],
    "LWRA": [
      0.1937480199904669,
      2.8823911714099704,
      1.512235130673363
    ],
    "LWRB": [
      0.2345694115048363,
      2.914791213262649,
      1.4814320649646577
    ],
    "LFIN": [
      0.2738265438988095,
      2.8708180222284225,
      1.5259671921502977
    ],
    "RSHO": [
      0.07779541705903553,
      2.6087276320684523,
      1.7525476539248512
    ],
    "RUPA": [
      0.0811931682768322,
      2.4970681268601194,
      1.632210472470238
    ],
    "RELB": [
      0.1159210928054083,
      2.4715117420014883,
      1.4637247895740326
    ],
    "RFRM": [
      0.18956681605747766,
      2.54104052734375,
      1.4739194452194941
    ],
    "RWRA": [
      0.25708973403204055,
      2.6664187941778272,
      1.5271271682012648
    ],
    "RWRB": [
      0.2819206833612351,
      2.6655636858258926,
      1.4642211623418897
    ],
    "RFIN": [
      0.32513323393322174,
      2.7086211751302085,
      1.4927080601283482
    ],
    "LASI": [
      0.10937873295375279,
      2.9135555129278274,
      1.2834996279761903
    ],
    "RASI": [
      0.0961011225382487,
      2.5992746233258925,
      1.3041769263857887
    ],
    "LPSI": [
      -0.08297385878789992,
      2.799727713448661,
      1.3076709507533484
    ],
    "RPSI": [
      -0.08968636576334636,
      2.7189358840215774,
      1.3091974051339286
    ],
    "LTHI": [
      0.10779619816371372,
      2.961247267950149,
      0.9184553251720611
    ],
    "LKNE": [
      0.1408107604980469,
      2.9423841494605654,
      0.7741381138392857
    ],
    "LTIB": [
      0.1349198470342727,
      2.956299072265625,
      0.5089697948637463
    ],
    "LANK": [
      0.16415567743210566,
      2.9419582984561012,
      0.33819713338216145
    ],
    "LHEE": [
      0.10065703219459171,
      2.8840001162574405,
      0.30403077915736604
    ],
    "LTOE": [
      0.35839351399739583,
      2.901906447637649,
      0.29799669828869046
    ],
    "RTHI": [
      -0.01692578256697882,
      2.5769662737165175,
      1.0879391101655507
    ],
    "RKNE": [
      -0.07342569660005116,
      2.620129324776786,
      0.7612494012741815
    ],
    "RTIB": [
      -0.10856207202729724,
      2.6106957077752977,
      0.6446694946289062
    ],
    "RANK": [
      -0.18343156651088172,
      2.659208205450149,
      0.3309440656389509
    ],
    "RHEE": [
      -0.24724490719749814,
      2.713893264043899,
      0.3016071297781808
    ],
    "RTOE": [
      0.005863216808864048,
      2.685364990234375,
      0.2827185683477493
    ],
    "RGT": [
      0.006579124132792155,
      2.569910818917411,
      1.3050600992838541
    ],
    "LGT": [
      0.01934432838076637,
      2.9454395577566967,
      1.304795183454241
    ]
  }
}