{"times": [0.0, 0.03, 0.06, 0.09, 0.12, 0.15, 0.18, 0.21, 0.24, 0.27, 0.3, 0.33, 0.36, 0.39, 0.42, 0.45, 0.48, 0.51, 0.54, 0.57, 0.6, 0.63, 0.66, 0.69, 0.72, 0.75, 0.78, 0.81, 0.84, 0.87, 0.9, 0.93, 0.96, 0.99, 1.02, 1.05, 1.08, 1.11, 1.14, 1.17, 1.2, 1.23, 1.26, 1.29, 1.32, 1.35, 1.38, 1.41, 1.44, 1.47, 1.5, 1.53, 1.56, 1.59, 1.62, 1.65, 1.68, 1.71, 1.74, 1.77, 1.8, 1.83, 1.86, 1.89, 1.92, 1.95, 1.98, 2.01, 2.04, 2.07, 2.1, 2.13, 2.16, 2.19, 2.22, 2.25, 2.28, 2.31, 2.34, 2.37], "knee_angle_r": [63.7755055, 61.02948657, 55.94008881, 47.79921256, 38.02544572, 26.56458695, 14.84244373, 5.19744355, 0.43036465, 0.74480112, 4.40118373, 7.07635378, 9.5596394, 13.4750504, 16.08003742, 17.26234896, 16.50363944, 15.25016215, 13.488211, 11.11788344, 8.60668191, 6.50428016, 4.74957647, 3.17461051, 2.00412097, 1.63439142, 1.88397022, 3.09484451, 5.29395456, 8.22605814, 12.42230719, 18.24785199, 26.57077663, 36.83138054, 47.19993425, 56.0458412, 62.13280553, 64.64865934, 63.74387967, 59.38291093, 52.79276394, 44.01646724, 33.52536753, 22.03466812, 11.39965754, 3.45911744, 0.46497489, 1.10623451, 4.98644185, 7.57168284, 9.05298521, 12.51420772, 14.67919604, 15.73451346, 15.26475371, 14.1959131, 12.68958029, 10.48458488, 8.19837497, 6.19086242, 4.57491911, 2.98154679, 1.83470869, 1.48480963, 1.70998659, 2.8329404, 4.83754471, 7.50117569, 11.09691715, 16.43002419, 24.60335617, 34.52915779, 44.31166618, 52.66490133, 59.18183667, 62.37515475, 62.1937123, 58.58916184, 51.88414946, 43.58133299], "knee_angle_l": [10.31560485, 7.51170821, 5.68629449, 3.54601904, 1.96981314, 1.00605485, 0.68782743, 0.66950733, 0.99105205, 2.45676918, 5.01587351, 8.90311398, 15.17876759, 24.45331849, 36.29342919, 46.9123688, 55.18010376, 61.94694043, 65.11973216, 64.49061452, 60.77956533, 54.46271211, 45.62485314, 34.17197916, 20.90930693, 7.25907545, 0.27151625, 0.13981023, 0.31799801, 3.93018028, 5.71345217, 6.3648499, 10.61219375, 14.38786284, 15.332983, 14.89772866, 13.60046016, 11.83214339, 9.33761366, 6.94980511, 4.79166339, 3.16866564, 1.80904326, 1.22811723, 1.19734066, 1.54091306, 2.4733747, 4.58687812, 7.1545043, 10.59099068, 15.83359253, 24.39603842, 35.60088288, 46.62757584, 55.11590504, 61.84709772, 65.12239818, 64.83018634, 61.38981526, 55.55691501, 47.53431768, 36.98040453, 24.71929149, 11.95933154, 1.60712004, 0.18893845, 0.20454231, 0.92842189, 3.48784451, 3.12801195, 6.95512265, 11.2003596, 12.53423954, 12.39239873, 11.83988847, 10.23966516, 7.72626787, 5.65566946, 3.8522141, 2.37966916], "elbow_flex_r": [52.20686018, 51.40831521, 51.08071168, 51.28790526, 51.25952578, 50.93871446, 50.35678316, 50.07424259, 49.75671425, 49.27942076, 49.06076258, 48.75607819, 48.32488027, 47.95923455, 47.60772023, 48.69669543, 49.0492679, 49.53816806, 49.93932609, 50.53776323, 51.54096522, 52.37117864, 56.18770759, 57.3706816, 58.98508069, 61.88257299, 62.5247716, 61.62064152, 61.68998245, 61.26890172, 60.56071064, 59.61170931, 58.37389853, 55.53657307, 54.67434865, 53.48727456, 52.2008853, 50.86433038, 49.91527582, 49.65249028, 51.2655292, 51.082978, 51.54698752, 51.21824449, 50.33613108, 49.91138824, 49.48128893, 48.81262654, 47.45059655, 47.30137287, 47.06027285, 47.04577384, 47.80910587, 48.13903593, 48.66459201, 49.00328617, 48.95229194, 48.65555665, 49.57544499, 50.87972781, 54.70803058, 57.76731469, 58.74252755, 59.9510122, 61.57855005, 61.8670266, 61.80984369, 61.37729577, 60.66804796, 59.51875691, 58.53682228, 57.00382725, 54.27811743, 53.53052794, 51.1670236, 50.6358171, 51.18046886, 50.87785071, 51.77908071, 51.74691588], "elbow_flex_l": [59.72464498, 60.63513264, 62.02454846, 65.13083652, 67.85808126, 70.12473471, 73.82017508, 75.01303201, 76.02208628, 76.79534568, 76.81839073, 76.53041882, 75.61781154, 74.02447219, 70.65475536, 67.9130646, 67.02161088, 65.45032389, 63.31944498, 61.38279003, 61.94408631, 61.27177284, 62.09059012, 61.43731439, 60.98558367, 61.01631711, 60.37943007, 58.34838124, 57.74212395, 57.1653037, 56.74260735, 56.43266863, 56.39037324, 55.59480748, 56.12902323, 56.63600556, 56.93716787, 57.05994308, 57.78827739, 58.99111775, 61.87751203, 63.49935993, 68.13039856, 69.67383735, 73.0945502, 73.91638722, 74.53124195, 74.79305968, 74.29553433, 73.82934315, 72.64644523, 71.02054783, 67.39961846, 66.60811295, 65.322689, 63.54503331, 61.53074032, 60.14961335, 59.88579863, 59.80718104, 63.14001731, 63.7485155, 63.68944969, 63.40066463, 62.81860137, 61.98613627, 61.1271721, 59.98084231, 59.01782825, 57.866728, 57.48683384, 57.11604624, 56.23821745, 56.96628317, 55.21545911, 56.2160068, 56.76077825, 57.97816071, 60.90465799, 62.52039241], "lumbar_extension": [-15.06469072, -14.76599799, -14.45049238, -14.54812463, -14.3344569, -13.72887922, -12.63234101, -11.32782606, -10.0733589, -9.71901815, -9.91973731, -10.08392039, -9.71865637, -10.33904212, -11.47371101, -13.11237353, -14.99346236, -15.5733708, -15.60557664, -15.57759053, -15.57357607, -15.54129592, -15.62746399, -15.47763015, -14.64098361, -13.50152391, -12.05673154, -10.9750553, -11.19307214, -11.76444692, -11.69219557, -11.01117153, -10.9598989, -11.82755285, -13.50577761, -14.91874415, -14.75744992, -14.32794824, -14.02434482, -13.94386929, -14.10763656, -14.42712756, -14.39793594, -13.50462848, -12.58313927, -11.74894494, -10.92660196, -10.73303105, -10.91809007, -10.73460149, -9.94709239, -10.05644186, -11.2025053, -13.05602813, -15.13776548, -15.6756945, -15.71152617, -15.64899499, -15.7035668, -15.90370077, -16.20678807, -16.36513208, -15.80757376, -14.73964417, -13.60887293, -12.13225945, -11.55766273, -11.62925425, -11.32509715, -10.59940592, -10.62031812, -11.27288883, -12.62339939, -13.99109049, -13.92766627, -13.44549697, -13.12025234, -12.98985956, -13.33119308, -13.78333387], "lumbar_bending": [1.25809479, 2.72253715, 3.62901888, 4.75213007, 4.81777689, 4.37046674, 3.87448455, 3.41751948, 3.07545892, 3.23388445, 3.72896243, 4.8076311, 5.52849468, 5.83309766, 6.39719961, 6.43749276, 6.16372657, 4.70500964, 3.17569128, 1.53922618, -0.16210874, -1.55399536, -2.32918363, -2.44900226, -1.77385428, -0.76480347, 0.32646013, 0.48354776, -0.58524403, -1.93632596, -2.95451624, -3.2367906, -3.56364699, -4.31090251, -4.5431371, -3.89702722, -2.21026241, -0.66386813, 0.73026024, 2.29450013, 3.45190066, 4.17060938, 4.24559109, 4.1311685, 3.84271521, 3.59139418, 3.69143998, 4.01475653, 4.44167056, 5.22195139, 5.80429532, 6.03225677, 6.52243917, 6.69714894, 6.27498717, 4.80570676, 3.31324272, 1.82991951, 0.28881302, -1.01841809, -1.86188447, -1.9964895, -1.60627032, -0.62742068, 0.26117398, 0.79713121, -0.00531781, -1.39676202, -2.29999757, -2.89514791, -3.34136644, -4.19409176, -4.37643156, -3.62158379, -1.7104211, -0.12890131, 1.25320203, 2.70827444, 4.19970948, 4.83859252], "lumbar_rotation": [-0.91092344, -2.725096, -4.1991502, -5.59125678, -7.18246751, -8.65152145, -10.09440453, -10.82747985, -11.17157499, -11.11571305, -11.40234837, -11.71052829, -12.07975833, -12.39922798, -11.69748237, -10.07709697, -8.22093769, -6.23608383, -4.83213648, -3.38613923, -2.23526576, -0.42852219, 0.42588412, 1.88182173, 2.97630151, 3.56018329, 3.86758611, 3.33384779, 3.41927755, 3.46802009, 3.73799212, 4.15018438, 4.07456892, 2.9918312, 1.55070069, 0.53884859, 0.06641713, 0.03006726, -0.08108777, -1.26963029, -2.12233436, -4.14631607, -5.90634636, -7.5675962, -8.57925509, -9.07933282, -9.43136418, -9.69597476, -10.21444775, -10.73431825, -11.29747019, -11.55141932, -10.7716998, -9.19819158, -7.30374783, -5.57907835, -4.58576839, -3.85490391, -2.16281544, -0.54841222, 0.35350319, 1.63257505, 3.42850355, 4.68625642, 5.05523769, 5.08134765, 5.31716875, 5.36636388, 5.42006357, 5.52817818, 5.46913056, 4.45005997, 2.87997658, 1.39557572, 1.48280207, 0.96917807, 0.72092586, -1.01845657, -2.40369847, -4.35302491],