{
  "cam1": {
    "camera_id": 1,
    "model": "SIMPLE_RADIAL",
    "params": [
      733.1841378744778,
      540.0,
      960.0,
      -0.0028234417075359204
    ],
    "width": 1080,
    "height": 1920,
    "R": [
      [
        0.99723823,
        -0.00522278,
        0.07408532
      ],
      [
        0.00526186,
        0.9999861,
        -0.00033229
      ],
      [
        -0.07408256,
        0.0007212,
        0.99725185
      ]
    ],
    "t": [
      0.30559541,
      -0.05986656,
      1.56591607
    ]
  },
  "cam2": {
    "camera_id": 2,
    "model": "SIMPLE_RADIAL",
    "params": [
      744.4615800452161,
      960.0,
      540.0,
      -0.00601937029248928
    ],
    "width": 1920,
    "height": 1080,
    "R": [
      [
        0.78731314,
        -0.10567538,
        0.60742961
      ],
      [
        0.10850973,
        0.99357344,
        0.03220968
      ],
      [
        -0.60692969,
        0.04055292,
        0.79372023
      ]
    ],
    "t": [
      -0.19087887,
      -0.12588268,
      2.15748019
    ]
  },
  "cam3": {
    "camera_id": 3,
    "model": "SIMPLE_RADIAL",
    "params": [
      740.9826770223332,
      960.0,
      540.0,
      0.014915355453406746
    ],
    "width": 1920,
    "height": 1080,
    "R": [
      [
        0.3986629,
        0.02816809,
        -0.91666485
      ],
      [
        -0.03501909,
        0.9992668,
        0.01547635
      ],
      [
        0.9164287,
        0.02593092,
        0.39935702
      ]
    ],
    "t": [
      -0.46291269,
      -0.17926104,
      2.8039494
    ]
  },
  "cam4": {
    "camera_id": 4,
    "model": "SIMPLE_RADIAL",
    "params": [
      530.7659424364356,
      960.0,
      540.0,
      -0.0036188782317848676
    ],
    "width": 1920,
    "height": 1080,
    "R": [
      [
        -0.66306449,
        0.61591061,
        0.42544048
      ],
      [
        0.30085465,
        0.73968781,
        -0.60195384
      ],
      [
        -0.68544289,
        -0.27113847,
        -0.67576029
      ]
    ],
    "t": [
      0.09829754,
      -0.16356701,
      0.71913726
    ]
  },
  "cam5": {
    "camera_id": 5,
    "model": "SIMPLE_RADIAL",
    "params": [
      586.3858661138449,
      960.0,
      540.0,
      -0.06382405882159224
    ],
    "width": 1920,
    "height": 1080,
    "R": [
      [
        -0.1486436,
        0.12172728,
        -0.98137024
      ],
      [
        -0.09624952,
        0.98590223,
        0.13686789
      ],
      [
        0.98419567,
        0.11480095,
        -0.13483187
      ]
    ],
    "t": [
      -0.37817419,
      -0.00619376,
      0.35241642
    ]
  },
  "cam6": {
    "camera_id": 6,
    "model": "SIMPLE_RADIAL",
    "params": [
      1367.1800446090735,
      960.0,
      540.0,
      -0.3461283258854466
    ],
    "width": 1920,
    "height": 1080,
    "R": [
      [
        -0.50939009,
        -0.05465519,
        0.85879831
      ],
      [
        0.07336249,
        0.99158962,
        0.10662066
      ],
      [
        -0.85740287,
        0.11731509,
        -0.50109629
      ]
    ],
    "t": [
      -0.81794639,
      -0.29886256,
      6.88529299
    ]
  },
  "cam7": {
    "camera_id": 7,
    "model": "SIMPLE_RADIAL",
    "params": [
      811.2766408134494,
      960.0,
      540.0,
      -0.10492799570089575
    ],
    "width": 1920,
    "height": 1080,
    "R": [
      [
        -0.55848408,
        0.11195379,
        -0.82192571
      ],
      [
        0.02182298,
        0.99249066,
        0.12035797
      ],
      [
        0.82922813,
        0.04928114,
        -0.5567334
      ]
    ],
    "t": [
      0.43854952,
      -0.08661308,
      3.45238279
    ]
  }
}