{"0": [[0.13284, -0.0301366, 0.4040379, 0.9312502], [0.078876, 0.0051158, 0.3780314, 0.8607806], [0.0904035, 0.0144491, 0.424866, 0.8778439], [0.0290322, 0.0308191, 0.4609658, 0.9309612], [-0.0053224, -0.0196217, 0.4338472, 0.8169922], [0.0684845, -0.0014918, 0.3296475, 0.8919201], [0.0045227, 0.0209694, 0.3122411, 0.8638409], [-0.0141211, -0.0177067, 0.3542317, 0.7578293], [-0.0531886, 0.0215124, 0.4015892, 0.833355], [-0.0493383, 0.0285488, 0.4308771, 0.8197189], [-0.1547385, 0.0273094, 0.4425192, 0.8823507], [-0.2520972, 0.0860615, 0.4450442, 0.8663441], [-0.0590813, 0.0186152, 0.3674881, 0.8187437], [-0.1646639, 0.0130442, 0.3906061, 0.8983941], [-0.2720795, 0.0171041, 0.4077785, 0.8710944], [0.1422919, -0.02398, 0.3975449, 0.8919272], [0.1396263, -0.0377668, 0.397368, 0.9041913], [0.1369725, 0.0065746, 0.3920341, 0.8015292], [0.1288008, -0.0377315, 0.3742285, 0.8523028], [-0.2901516, -0.0335314, 0.41486, 0.8036111], [-0.2882304, -0.0288862, 0.4035198, 0.803238], [-0.2846458, 0.0272456, 0.4077297, 0.7215426], [-0.2835741, 0.0444057, 0.4471591, 0.7870083], [-0.2823665, 0.0564411, 0.4535245, 0.7724529], [-0.2600957, 0.0974822, 0.4471733, 0.7947074]], "10": [[0.1326333, -0.0288211, 0.4051525, 0.9206762], [0.0787881, 0.0091644, 0.3798796, 0.8612464], [0.0902958, 0.0170777, 0.4262323, 0.8709243], [0.0285157, 0.0316756, 0.4614838, 0.9261615], [-0.0055073, -0.0168495, 0.4358602, 0.8125927], [0.0689566, 0.0008558, 0.3328319, 0.885409], [0.0046877, 0.0243652, 0.3128409, 0.8676539], [-0.014192, -0.0145534, 0.3542959, 0.7523943], [-0.054679, 0.0234328, 0.4031764, 0.8267944], [-0.0496543, 0.0302185, 0.4318897, 0.8201499], [-0.1556531, 0.0324777, 0.4415607, 0.8885767], [-0.2541513, 0.0904659, 0.4428465, 0.8750147], [-0.0600221, 0.0203218, 0.3676548, 0.8154877], [-0.1648325, 0.012035, 0.3911338, 0.8994774], [-0.2721038, 0.016884, 0.4062569, 0.866358], [0.1431418, -0.0216671, 0.4007204, 0.8899147], [0.1404925, -0.0347544, 0.4005326, 0.9145503], [0.1379195, 0.0081119, 0.392147, 0.8079078], [0.1291744, -0.0360686, 0.3751213, 0.8748812], [-0.2901758, -0.0338489, 0.4145925, 0.802584], [-0.2872072, -0.0289405, 0.4030963, 0.8052407], [-0.2837765, 0.0282817, 0.4058046, 0.741954], [-0.2842357, 0.0489538, 0.4443106, 0.7975234], [-0.2820985, 0.0603799, 0.4510376, 0.7683079], [-0.2621418, 0.1045187, 0.4439609, 0.7914786]], "20": [[0.132626, -0.0268241, 0.4060072, 0.9211774], [0.0784239, 0.0123263, 0.3810277, 0.8713193], [0.0898968, 0.0201631, 0.4289562, 0.8648097], [0.0273093, 0.0363499, 0.4610767, 0.8198237], [-0.0022835, -0.0158384, 0.4386264, 0.7274683], [0.0689395, 0.0044643, 0.3352088, 0.8920744], [0.0048366, 0.0266216, 0.3149202, 0.871167], [-0.0128252, -0.0095093, 0.3556679, 0.74918], [-0.0549971, 0.02658, 0.4038099, 0.8215649], [-0.0505087, 0.03311, 0.4328218, 0.8107636], [-0.1586469, 0.0409181, 0.4402346, 0.90169], [-0.2584046, 0.0937026, 0.4426359, 0.8858771], [-0.0593543, 0.0206108, 0.3692783, 0.8113694], [-0.1651154, 0.0129173, 0.3911965, 0.8893886], [-0.2717025, 0.0176129, 0.4052977, 0.8706679], [0.1438654, -0.0176919, 0.4024466, 0.9034922], [0.1385818, -0.0337214, 0.4013621, 0.93548], [0.1360295, 0.0096607, 0.3941798, 0.7154158], [0.1294631, -0.0336789, 0.3755416, 0.8672002], [-0.2902819, -0.034796, 0.4139465, 0.7951866], [-0.2869686, -0.0295129, 0.4022582, 0.7986859], [-0.2839981, 0.0297867, 0.4042844, 0.7520407], [-0.2849279, 0.0512389, 0.4450477, 0.8136807], [-0.2830247, 0.0635584, 0.453133, 0.7745847], [-0.2662058, 0.1110103, 0.4404452, 0.802356]], "30": [[0.1332552, -0.0243908, 0.4082931, 0.9192968], [0.0788084, 0.0159576, 0.3831685, 0.8798364], [0.0898702, 0.0257047, 0.4310616, 0.8658014], [0.0266213, 0.0397404, 0.4594895, 0.8087407], [0.0007889, -0.0133141, 0.4390677, 0.711675], [0.0694656, 0.0070297, 0.3369379, 0.9005134], [0.0042243, 0.0277173, 0.3157475, 0.8601103], [-0.0099454, -0.0065373, 0.358694, 0.721958], [-0.0554399, 0.0293481, 0.4048654, 0.8219264], [-0.0521326, 0.0354012, 0.4335323, 0.802778], [-0.1597301, 0.043669, 0.438205, 0.908397], [-0.2610389, 0.0958011, 0.442016, 0.8795221], [-0.059992, 0.0221353, 0.3708994, 0.8074103], [-0.1663781, 0.011496, 0.3932772, 0.8882183], [-0.2714211, 0.0169406, 0.4041962, 0.8700471], [0.1443418, -0.0159656, 0.4023733, 0.906353], [0.1387115, -0.0327313, 0.402225, 0.9386637], [0.1358111, 0.0134897, 0.3967743, 0.8062468], [0.1295996, -0.0293128, 0.3766305, 0.8427642], [-0.288946, -0.0364274, 0.4148625, 0.7928446], [-0.2870094, -0.0304005, 0.4037792, 0.8100456], [-0.2851343, 0.0291269, 0.403715, 0.759568], [-0.2845399, 0.052171, 0.4468126, 0.8256597], [-0.2820113, 0.0679038, 0.455452, 0.7952254], [-0.2660444, 0.1166889, 0.4387755, 0.8208513]], "40": [[0.1332814, -0.0211588, 0.4096259, 0.9194268], [0.0783357, 0.0188446, 0.3837658, 0.8812386], [0.0888692, 0.0286282, 0.4333277, 0.8664846], [0.0246044, 0.0409539, 0.463088, 0.8122351], [0.001315, -0.0138978, 0.44061, 0.6870216], [0.0697019, 0.0084859, 0.3397397, 0.9041707], [0.0046544, 0.0319672, 0.3193702, 0.8592919], [-0.008492, -0.0051851, 0.3591963, 0.7302709], [-0.0550128, 0.0319593, 0.4058724, 0.820661], [-0.0526883, 0.0406927, 0.437217, 0.7935003], [-0.1618256, 0.0492645, 0.4374249, 0.8845767], [-0.2621999, 0.1026774, 0.4441138, 0.871264], [-0.0590623, 0.0229543, 0.372774, 0.7991031], [-0.1653117, 0.0137435, 0.3933271, 0.8839863], [-0.2715653, 0.0164532, 0.4051723, 0.869641], [0.1445939, -0.012411, 0.4054978, 0.9029035], [0.138466, -0.0316041, 0.4033652, 0.925394], [0.1362688, 0.014612, 0.3985973, 0.812917], [0.1305117, -0.0223716, 0.3812824, 0.8457158], [-0.289034, -0.0368229, 0.4165395, 0.7965436], [-0.2873239, -0.0313311, 0.4043043, 0.8098986], [-0.2858484, 0.0288062, 0.4052516, 0.7742223], [-0.2823983, 0.0549697, 0.448339, 0.7983419], [-0.2801943, 0.0697483, 0.4535114, 0.7767794], [-0.2662303, 0.1195989, 0.4395075, 0.8231614]], "50": [[0.1316001, -0.0195614, 0.4099086, 0.9143364], [0.0788359, 0.0242608, 0.3858091, 0.876982], [0.0889079, 0.0324581, 0.436542, 0.8799981], [0.0242162, 0.0448448, 0.4659585, 0.8145884], [0.0038029, -0.0106614, 0.443967, 0.7029726], [0.0703093, 0.0120208, 0.3414463, 0.8950566], [0.0031386, 0.0329991, 0.3212248, 0.8534137], [-0.0054629, -0.0024447, 0.3636307, 0.7079611], [-0.0559006, 0.0337017, 0.4063628, 0.8137659], [-0.0529719, 0.0437119, 0.4383374, 0.7920723], [-0.1610469, 0.0562532, 0.4363714, 0.871364], [-0.2620996, 0.104622, 0.4440776, 0.8682144], [-0.0596792, 0.0254912, 0.3743691, 0.7958491], [-0.1658153, 0.0154532, 0.3915666, 0.8834143], [-0.271487, 0.0170809, 0.4042453, 0.8722961], [0.1447289, -0.0074173, 0.4086914, 0.8886737], [0.1385794, -0.0271073, 0.4102543, 0.927679], [0.1363748, 0.0171926, 0.4016268, 0.8893805], [0.1286763, -0.0197004, 0.38361, 0.870552], [-0.289022, -0.0375636, 0.4153371, 0.7915941], [-0.2877405, -0.0309351, 0.4038355, 0.799107], [-0.2858492, 0.029829, 0.4056088, 0.7901551], [-0.2805009, 0.0586955, 0.4496198, 0.786175], [-0.2801983, 0.0704247, 0.45499, 0.7496911], [-0.2687171, 0.120743, 0.4394687, 0.8009243]],