{"0": [[-0.2003459483385086, -0.21950176358222961, 0.3927595913410187], [-0.12045037746429443, -0.22370114922523499, 0.42288079857826233], [-0.2389506846666336, -0.2389790117740631, 0.39407217502593994], [-0.24558016657829285, -0.27932456135749817, 0.37342071533203125], [0.03162148594856262, -0.29949307441711426, 0.6145309209823608], [-0.3978428244590759, -0.060166507959365845, 0.5500622987747192], [-0.2838553190231323, -0.34298160672187805, 0.32335686683654785], [0.22150593996047974, -0.4557490944862366, 0.38287046551704407], [-0.5548403263092041, -0.04223044589161873, 0.31668639183044434], [-0.3000510036945343, -0.32293444871902466, 0.31187450885772705], [-0.09493836760520935, -0.11926564574241638, 0.7669245600700378], [-0.5066828727722168, -0.05145194008946419, 0.3857048749923706], [-0.28499019145965576, -0.42569154500961304, 0.29409998655319214], [-0.26034754514694214, -0.38550302386283875, 0.3084014654159546], [-0.3116833567619324, -0.379057914018631, 0.2851857542991638], [-0.195184588432312, -0.39475953578948975, 0.2908741533756256], [-0.2055816352367401, -0.4205697178840637, 0.29192298650741577], [-0.3565174341201782, -0.43619340658187866, 0.29271548986434937], [-0.048766180872917175, -0.4104240834712982, 0.37886154651641846], [-0.41565677523612976, -0.4457995593547821, 0.2940158247947693], [-0.14458546042442322, -0.3006700277328491, 0.3628610372543335], [-0.3639993369579315, -0.39150020480155945, 0.31900155544281006], [-0.1967608481645584, -0.4014955461025238, 0.276523232460022], [-0.19613958895206451, -0.40191683173179626, 0.27698323130607605]], "10": [[-0.3223459720611572, -0.2365017682313919, 0.4727596044540405], [-0.24157863855361938, -0.2631525993347168, 0.4641226530075073], [-0.35128897428512573, -0.2224004715681076, 0.5016536712646484], [-0.36960411071777344, -0.25100740790367126, 0.5323846340179443], [-0.043349266052246094, -0.1947563886642456, 0.6111842393875122], [-0.16560612618923187, -0.1142759621143341, 0.6897614002227783], [-0.4314361810684204, -0.29106605052948, 0.5833325982093811], [0.0965212881565094, -0.4470309913158417, 0.4353082478046417], [-0.030214041471481323, -0.1689397692680359, 0.4486907422542572], [-0.4590509831905365, -0.28815633058547974, 0.5783337354660034], [-0.1567724049091339, 0.04276039078831673, 0.6736404895782471], [-0.06816926598548889, -0.16602809727191925, 0.5243124961853027], [-0.3548063635826111, -0.2934662997722626, 0.5639586448669434], [-0.39461398124694824, -0.27066466212272644, 0.5460046529769897], [-0.4019893705844879, -0.31532347202301025, 0.5801670551300049], [-0.2633433938026428, -0.2724475860595703, 0.5489591956138611], [-0.3560158610343933, -0.25867512822151184, 0.492460697889328], [-0.3475666046142578, -0.32767054438591003, 0.6272516846656799], [-0.2167375683784485, -0.2111782729625702, 0.5954070091247559], [-0.36072099208831787, -0.30426424741744995, 0.6808291077613831], [-0.16593748331069946, -0.3084275424480438, 0.6925936341285706], [-0.35164710879325867, -0.2731213867664337, 0.6087944507598877], [-0.27452170848846436, -0.2796165347099304, 0.5401581525802612], [-0.2738235592842102, -0.2801463007926941, 0.5402418375015259]], "20": [[-0.31534597277641296, -0.23050177097320557, 0.4877595901489258], [-0.23233802616596222, -0.23726174235343933, 0.4684668481349945], [-0.3429133892059326, -0.215146005153656, 0.517350971698761], [-0.3468448519706726, -0.2351626455783844, 0.5583640336990356], [-0.07252146303653717, -0.04488160461187363, 0.5236809253692627], [-0.09585772454738617, -0.09613680094480515, 0.5970621109008789], [-0.3856060206890106, -0.27003610134124756, 0.6311995387077332], [0.1294708251953125, -0.3051651418209076, 0.44891297817230225], [0.08846861124038696, -0.10492738336324692, 0.38403457403182983], [-0.4131372272968292, -0.27574142813682556, 0.6288512349128723], [-0.25495511293411255, 0.15449252724647522, 0.49118831753730774], [0.04298025369644165, -0.11723387986421585, 0.45437008142471313], [-0.3112926483154297, -0.26250532269477844, 0.6053083539009094], [-0.3561129570007324, -0.2519720792770386, 0.5877841711044312], [-0.35154664516448975, -0.2900061309337616, 0.6295984387397766], [-0.21810045838356018, -0.24755501747131348, 0.5941752195358276], [-0.3243652880191803, -0.24263015389442444, 0.5294288992881775], [-0.29295966029167175, -0.28203415870666504, 0.6724384427070618], [-0.23740467429161072, -0.16623112559318542, 0.6667366027832031], [-0.28883039951324463, -0.24832984805107117, 0.7218186259269714], [-0.11469104886054993, -0.2433900237083435, 0.6450297832489014], [-0.2950494885444641, -0.2294923961162567, 0.6453485488891602], [-0.23227733373641968, -0.2541072964668274, 0.5910301804542542], [-0.23163533210754395, -0.2546726167201996, 0.5908221006393433]], "30": [[-0.31534597277641296, -0.22650176286697388, 0.49075958132743835], [-0.233546182513237, -0.22638104856014252, 0.46591997146606445], [-0.3422320485115051, -0.21239662170410156, 0.5215750932693481], [-0.3414662480354309, -0.23071199655532837, 0.5635530948638916], [-0.10174202919006348, -0.006836310960352421, 0.4606456458568573], [-0.10008905827999115, -0.07717365026473999, 0.5896562933921814], [-0.37069573998451233, -0.26601800322532654, 0.6405123472213745], [0.12986159324645996, -0.2520504295825958, 0.4414513111114502], [0.09617900848388672, -0.07724636048078537, 0.3873865604400635], [-0.39778193831443787, -0.2738325297832489, 0.6393705010414124], [-0.30996569991111755, 0.1534005105495453, 0.38652303814888], [0.04806703329086304, -0.09180164337158203, 0.45551222562789917], [-0.29589444398880005, -0.2629116475582123, 0.6148459911346436], [-0.3406669795513153, -0.2527513802051544, 0.5969827771186829], [-0.3363496661186218, -0.28873229026794434, 0.6406016945838928], [-0.2030983865261078, -0.24599207937717438, 0.6032329201698303], [-0.30905619263648987, -0.24664612114429474, 0.5381270051002502], [-0.27751028537750244, -0.2793766260147095, 0.6828112602233887], [-0.22614820301532745, -0.1717865765094757, 0.6787493824958801], [-0.2661711871623993, -0.24367719888687134, 0.7295917272567749], [-0.10037019848823547, -0.23914062976837158, 0.6451839804649353], [-0.2742003798484802, -0.22524452209472656, 0.6531916856765747], [-0.217397540807724, -0.2526538670063019, 0.6010053157806396], [-0.2167663872241974, -0.2532094120979309, 0.6007444858551025]], "40": [[-0.3173459768295288, -0.2235017567873001, 0.4927595853805542], [-0.2354038655757904, -0.22364656627178192, 0.4683936834335327], [-0.3443427085876465, -0.20942562818527222, 0.5234915018081665], [-0.34390774369239807, -0.22795911133289337, 0.5653784275054932], [-0.10390238463878632, -0.003919206093996763, 0.4736142158508301], [-0.09912098944187164, -0.07880192250013351, 0.5895013213157654], [-0.37151774764060974, -0.265109121799469, 0.6420671343803406], [0.13285920023918152, -0.24286328256130219, 0.4421771764755249], [0.09997275471687317, -0.08376463502645493, 0.3900740146636963], [-0.3985345661640167, -0.27324041724205017, 0.6421456336975098], [-0.31603848934173584, 0.1548129767179489, 0.40753644704818726], [0.04933646321296692, -0.09794940054416656, 0.4564252197742462], [-0.29684337973594666, -0.2625703811645508, 0.616712749004364], [-0.34176304936408997, -0.2529661953449249, 0.5989113450050354], [-0.3370470702648163, -0.2879151701927185, 0.6433207988739014], [-0.20446234941482544, -0.2436874657869339, 0.6048204302787781], [-0.31055185198783875, -0.24812451004981995, 0.5397257208824158], [-0.27796831727027893, -0.2774016857147217, 0.6849191188812256], [-0.22817111015319824, -0.1647501438856125, 0.6757936477661133], [-0.2661825120449066, -0.24013909697532654, 0.7303507328033447], [-0.10338202118873596, -0.23886369168758392, 0.6553446054458618], [-0.2755681574344635, -0.22236478328704834, 0.6539492607116699], [-0.2186228632926941, -0.25068652629852295, 0.6027466654777527], [-0.2179817110300064, -0.2512260973453522, 0.6024768352508545]],